{
  "GET Product Page" : {
    "transaction" : "GET Product Page",
    "sampleCount" : 80,
    "errorCount" : 0,
    "errorPct" : 0.0,
    "meanResTime" : 14.312500000000004,
    "medianResTime" : 8.0,
    "minResTime" : 6.0,
    "maxResTime" : 66.0,
    "pct1ResTime" : 54.70000000000002,
    "pct2ResTime" : 57.95,
    "pct3ResTime" : 66.0,
    "throughput" : 8.668328096218442,
    "receivedKBytesPerSec" : 69.58089818777766,
    "sentKBytesPerSec" : 1.024284862932062
  },
  "Total" : {
    "transaction" : "Total",
    "sampleCount" : 240,
    "errorCount" : 0,
    "errorPct" : 0.0,
    "meanResTime" : 15.833333333333332,
    "medianResTime" : 9.0,
    "minResTime" : 5.0,
    "maxResTime" : 81.0,
    "pct1ResTime" : 54.70000000000002,
    "pct2ResTime" : 59.94999999999999,
    "pct3ResTime" : 74.59,
    "throughput" : 25.83423035522067,
    "receivedKBytesPerSec" : 219.33215318891283,
    "sentKBytesPerSec" : 2.783571044133477
  },
  "GET Cart Page" : {
    "transaction" : "GET Cart Page",
    "sampleCount" : 80,
    "errorCount" : 0,
    "errorPct" : 0.0,
    "meanResTime" : 14.662500000000001,
    "medianResTime" : 7.0,
    "minResTime" : 5.0,
    "maxResTime" : 66.0,
    "pct1ResTime" : 55.900000000000006,
    "pct2ResTime" : 59.0,
    "pct3ResTime" : 66.0,
    "throughput" : 8.669267446900736,
    "receivedKBytesPerSec" : 60.206961828131774,
    "sentKBytesPerSec" : 0.9058707195491981
  },
  "GET Home Page" : {
    "transaction" : "GET Home Page",
    "sampleCount" : 80,
    "errorCount" : 0,
    "errorPct" : 0.0,
    "meanResTime" : 18.525,
    "medianResTime" : 10.0,
    "minResTime" : 7.0,
    "maxResTime" : 81.0,
    "pct1ResTime" : 49.900000000000006,
    "pct2ResTime" : 67.75000000000001,
    "pct3ResTime" : 81.0,
    "throughput" : 8.628127696289905,
    "receivedKBytesPerSec" : 90.57848899913718,
    "sentKBytesPerSec" : 0.8678683132010353
  }
}